Name,Size,CR,Hit Dice,Mininum CL,Cost,Cost / CR,Cost / HD,HD / CR,Link,Damage Reduction,Weapons,Special Abilities
"Cobra, Mithral ",Small,03,01,0,"5,000.00","1,666.66","5,000.00",0.33,http://www.archivesofnethys.com/MonsterDisplay.aspx?ItemName=Iron%20Cobra,05/—,2 Bites,"Find Target, Poison"
"Cobra, Adamantine",Small,03,01,0,"10,000.00","3,333.33","10,000.00",0.33,http://www.archivesofnethys.com/MonsterDisplay.aspx?ItemName=Iron%20Cobra,10/—,1 Bite,"Find Target, Poison"
"Cobra, Iron",Small,02,01,0,"2,000.00","1,000.00","2,000.00",0.5,http://www.archivesofnethys.com/MonsterDisplay.aspx?ItemName=Iron%20Cobra,05/—,1 Bite,"Find Target, Poison"
"Cobra, Darkwood",Small,02,01,0,"2,500.00","1,250.00","2,500.00",0.5,http://www.archivesofnethys.com/MonsterDisplay.aspx?ItemName=Iron%20Cobra,05/—,1 Bite,"Find Target, Poison"
"Cobra, Cold Iron",Small,02,01,0,"4,000.00","2,000.00","4,000.00",0.5,http://www.archivesofnethys.com/MonsterDisplay.aspx?ItemName=Iron%20Cobra,05/—,1 Bite,"Find Target, Poison"
"Animated Object, Tiny",Tiny,0.5,01,0,125.00,250.00,125.00,2,https://www.d20pfsrd.com/bestiary/monster-listings/constructs/animated-object/animated-object-tiny,0-08 Hardness,1+ Slam,Construction Points
"Poppet, Small",Small,0.5,01,0,500.00,"1,000.00",500.00,2,http://www.d20pfsrd.com/bestiary/monster-listings/constructs/poppet/poppet-small/,0,1 Slam,Modifications (Craft Poppet)
"Poppet, Tiny",Tiny,0.33,01,0,160.00,480.00,160.00,3,http://www.d20pfsrd.com/bestiary/monster-listings/constructs/poppet/poppet-tiny/,0,1 Slam,Modifications (Craft Poppet)
Ioun Wyrd,Tiny,0.33,01,0,"1,000.00","3,000.00","1,000.00",3,http://www.d20pfsrd.com/bestiary/monster-listings/constructs/ioun-wyrd/,0,1 Slam,"Ioun Affinity, Share Iouns, 3 INT"
"Clockwork, Mechanical Genie",Tiny,01,01,07th,"2,000.00","2,000.00","2,000.00",1,https://www.aonprd.com/MonsterDisplay.aspx?ItemName=Mechanical%20Efreeti,10/Adamantine,1 Slam,Variants
Clockwork Spy,Tiny,0.5,01,12th,750.00,"1,500.00",750.00,2,https://www.d20pfsrd.com/bestiary/monster-listings/constructs/clockwork/clockwork-spy/,0,1 Slam,"Record Audio, Self-Destruct"
Clockwork Songbird,Tiny,0.5,01,12th,"1,750.00",875.00,"1,750.00",2,https://www.d20pfsrd.com/bestiary/monster-listings/constructs/clockwork/clockwork-songbird/,0,1 Bite,Mechanical Musicality
"Animated Object, Small",Small,02,02,0,"1,000.00",500.00,500.00,1,https://www.d20pfsrd.com/bestiary/monster-listings/constructs/animated-object/animated-object-small,0-08 Hardness,1+ Slam,Construction Points
Homunculus,Tiny,01,02,0,"1,050.00","1,050.00",502.50,2,http://www.d20pfsrd.com/bestiary/monster-listings/constructs/homunculus/,0,1 Bite,"Poison, Telepathic Link, 10 INT, Improvements"
Rune Guardian,Tiny,01,02,11th,"3,500.00","3,500.00","1,750.00",2,http://www.d20pfsrd.com/bestiary/monster-listings/constructs/rune-guardian/,0,1 Slam,"School Vulnerability, Sin Magic, Variants, 11 INT"
Clockwork Servant,Medium,02,02,12th,"4,000.00","2,000.00","2,000.00",1,https://www.d20pfsrd.com/bestiary/monster-listings/constructs/clockwork/clockwork-servant/,0,1 Slam 1 Ranged Manufactured,"Net, Repair Clockwork"
"Clockwork Servant, Intelligent",Medium,02,02,12th,"7,000.00","3,500.00","3,500.00",1,https://www.d20pfsrd.com/bestiary/monster-listings/constructs/clockwork/clockwork-servant/,0,1 Slam 1 Ranged Manufactured,"Net, Repair Clockwork, 11 INT"
"Animated Object, Medium",Medium,03,03,0,"2,250.00",750.00,750.00,1,https://www.d20pfsrd.com/bestiary/monster-listings/constructs/animated-object/animated-object-medium,0-10 Hardness,1+ Slam,Construction Points
Soulbound Doll,Tiny,02,03,0,"2,300.00","1,150.00",766.66,1.5,http://www.d20pfsrd.com/bestiary/monster-listings/constructs/doll-soulbound/,02/Magic,1 Manufactured,"Alignment Variation, Susceptible to Ming Affecting Effects, Soul Focus, 11 INT"
Ship in a Bottle,Tiny,02,03,0,"2,600.00","1,300.00",866.66,1.5,http://www.d20pfsrd.com/bestiary/monster-listings/constructs/ship-in-a-bottle/,05/Bludgeoning,1 Ram 1 Ranged Manufactured,Shatter Spray
Necrophidius,Medium,03,03,07th,"4,250.00","1,416.66","1,416.66",1,http://www.d20pfsrd.com/bestiary/monster-listings/constructs/necrophidius/,05/Bludgeoning,1 Bite,"Dance of Death, Paralysis"
Living Wall,Large,04,03,08th,"9,500.00","2,375.00","3,166.66",0.75,http://www.d20pfsrd.com/bestiary/monster-listings/constructs/living-wall/,05/Slashing,2 Slams,"Crushing Push, Fleshy Link"
Caryatid Column,Medium,03,03,09th,"7,000.00","2,333.33","2,333.33",1,https://www.d20pfsrd.com/bestiary/monster-listings/constructs/caryatid-column/,05/—,1 Manufactured,"Immunity to Magic, Shatter Weapons, Statue"
Clockwork Familiar,Tiny,02,03,12th,"7,500.00","3,750.00","2,500.00",1.5,https://www.d20pfsrd.com/bestiary/monster-listings/constructs/clockwork/clockwork-familiar/,05/Adamantine,1 Bite,"Advice, Item Installation"
"Animated Object, Large",Large,05,04,0,"6,250.00","1,250.00","1,562.50",0.8,https://www.d20pfsrd.com/bestiary/monster-listings/constructs/animated-object/animated-object-large,0-10 Hardness,1+ Slam,Construction Points
"Golem, Carrion (mount)",Large,05,04,07th,"6,500.00","1,300.00","1,625.00",0.8,http://www.d20pfsrd.com/bestiary/monster-listings/constructs/golem/golem-carrion/golem-carrion-mount,05/Bludgeoning or Slashing,2 Slams,"Foul Stench, Immune to Magic, Plague Carrier"
"Golem, Junk",Medium,04,04,07th,"5,200.00","1,300.00","1,300.00",1,http://www.d20pfsrd.com/bestiary/monster-listings/constructs/golem/golem-junk/,05/Adamantine,2 Slams,"Discorporate, Disease, Immunity to Magic, Junk Repair"
"Golem, Carrion",Medium,04,04,07th,"5,500.00","1,375.00","1,375.00",1,http://www.d20pfsrd.com/bestiary/monster-listings/constructs/golem/golem-carrion/,05/Bludgeoning or Slashing,2 Slams,"Foul Stench, Immune to Magic, Plague Carrier"
"Golem, Carrion (stand-in)",Medium,04,04,07th,"5,500.00","1,375.00","1,375.00",1,http://www.d20pfsrd.com/bestiary/monster-listings/constructs/golem/golem-carrion/golem-carrion-stand-in,05/Bludgeoning or Slashing,2 Slams,"Foul Stench, Immune to Magic, Plague Carrier"
"Golem, Carrion (weaponized)",Medium,04,04,07th,"6,000.00","1,500.00","1,500.00",1,http://www.d20pfsrd.com/bestiary/monster-listings/constructs/golem/golem-carrion/golem-carrion-weaponized,05/Bludgeoning or Slashing,2 Slams,"Foul Stench, Immune to Magic, Plague Carrier, Walking Bomb"
Guardian Doll,Tiny,03,04,08th,"3,600.00","1,200.00",900.00,1.33,http://www.d20pfsrd.com/bestiary/monster-listings/constructs/guardian-doll/,05/Magic,1 Manufactured,"Doll's Dagger, Soul Focus, Susceptable to Mind-Affecting Effects, 13 INT"
"Golem, Mask",Medium,04,04,09th,"12,500.00","3,125.00","3,125.00",1,http://www.d20pfsrd.com/bestiary/monster-listings/constructs/golem/golem-mask/,05/Bludgeoning,2 Slams,"Immunity to Magic, Masks of Control, Swarm Form, 7 INT"
"Golem, Wax",Medium,03,04,09th,"7,000.00","2,333.33","1,750.00",1.33,http://www.d20pfsrd.com/bestiary/monster-listings/constructs/golem/golem-wax/,0,1 Slam,"Conditional Sentience, Immunity to Magic, 10 INT (if sentient)"
Tattoo Guardian,Medium,03,04,09th,"7,500.00","2,500.00","1,875.00",1.33,http://www.d20pfsrd.com/bestiary/monster-listings/constructs/tattoo-guardian/,0,2 Ink Blades,"Bodyguard, Fluid Form, Hyper Vigilant, Worn Form"
Skinstitch,Large,05,04,10th,"3,500.00",700.00,875.00,0.8,http://www.archivesofnethys.com/MonsterDisplay.aspx?ItemName=Skinstitch,05/Slashing,1 Manufactured 1 Slam,"Nest, Repair, Variants"
Bronze Sentinel,Small,03,04,10th,"11,000.00","3,666.66","2,750.00",1.3,https://www.aonprd.com/MonsterDisplay.aspx?ItemName=Bronze%20Sentinel,0,2 Claws 1 Ranged,"Alert, Fiery Bolt, Immunity to Magic, 1 INT"
Clockwork Goblin,Small,03,04,12th,"5,000.00","1,666.66","1,250.00",1.33,https://www.d20pfsrd.com/bestiary/monster-listings/constructs/clockwork/clockwork-goblin/,0,1 Manufactured,"Fire Resistance 5, Integrated Dogslicer, Searing Eyebeam, Unstable Construction"
Guardian Scroll,Tiny,03,05,0,"2,500.00",833.33,500.00,1.66,http://www.d20pfsrd.com/bestiary/monster-listings/constructs/guardian-scroll/,05/Magic,1 Slice,"Smothering Wrap, Susceptible to Mind-Affecting Effects, 4 INT"
Emerald Automaton,Medium,04,05,06th,"6,500.00","1,625.00","1,300.00",1.25,https://www.aonprd.com/MonsterDisplay.aspx?ItemName=Emerald%20Automaton,05/Adamantine,1 Manufactured 1 Slam,"Electricity Aura, Magic Dependent, Proficient"
Scarecrow,Medium,04,05,06th,"8,000.00","2,000.00","1,600.00",1.25,http://www.d20pfsrd.com/bestiary/monster-listings/constructs/scarecrow/,0,2 Slams,"Fascinating Gaze, Fear"
"Clockwork, Toy Golem",Medium,05,06,07th,"8,500.00","1,700.00","1,416.66",1.2,https://www.aonprd.com/MonsterDisplay.aspx?ItemName=Toy%20Golem,05/Adamantine,2 Slams,"Clockwork Repair, Disease"
Graven Guardian,Medium,05,06,07th,"9,500.00","1,900.00","1,583.33",1.2,http://www.d20pfsrd.com/bestiary/monster-listings/constructs/guardian-graven/,05/Adamantine,1 Manufactured 1 Slam,"Faith Bound, Magic Weapon"
Angelic Guardian,Medium,05,06,10th,"12,000.00","2,400.00","2,000.00",1.2,https://www.d20pfsrd.com/bestiary/monster-listings/constructs/angelic-guardian/,05/Adamantine,4 Various Melee,"Deflective Wings, Metallic Feathers"
Mirror Man,Medium,05,06,11th,"12,500.00","2,500.00","2,083.33",1.2,http://www.archivesofnethys.com/MonsterDisplay.aspx?ItemName=Mirror%20Man,05/Bludgeoning,1 Manufactured 1 Thrown Manufactured,"Alert Master, Mirror Sight, Scrying Focus, Soul Mirror, Susceptible to Mind-Affecting Effects, 15 INT"
"Golem, Ice",Medium,05,06,12th,"9,500.00","1,900.00","1,583.33",1.2,http://www.d20pfsrd.com/bestiary/monster-listings/constructs/golem/golem-ice/,05/Adamantine,2 Slams,"Cold, Icy Destruction, Immunity to Magic"
Clockwork Hound,Small,05,06,12th,"15,375.00","3,075.00","2,562.50",1.2,https://www.d20pfsrd.com/bestiary/monster-listings/constructs/clockwork/clockwork-hound/,05/Adamantine,2 Bites,"Chest Container, Efficient Winding, Expert Tracker, Swift Bite"
Marble Sentinel,Small,04,06,12th,"12,500.00","3,125.00","2,083.33",1.5,http://www.archivesofnethys.com/MonsterDisplay.aspx?ItemName=Marble%20Sentinel,0,2 Claws 1 Ranged,"Alert, Immunity to Magic, Paralyzing Bolt"
"Animated Object, Huge",Huge,07,07,0,"12,500.00","1,785.71","1,785.71",1,https://www.d20pfsrd.com/bestiary/monster-listings/constructs/animated-object/animated-object-huge,0-15 Hardness,1+ Slam,Construction Points
Ship Sentinel,Large,07,07,09th,"10,750.00","1,535.71","1,535.71",1,http://www.d20pfsrd.com/bestiary/monster-listings/constructs/sentinel-ship/,05/Slashing or Piercing,1 Manufactured 2 Slams 1 Thrown Manufactured,"Salted Wound, Ship Sight"
Ship Sentinel (Ballista Marksman),Large,07,07,09th,"11,000.00","1,571.42","1,571.42",1,http://www.d20pfsrd.com/bestiary/monster-listings/constructs/sentinel-ship/,05/Slashing or Piercing,2 Slams 1 Ranged Manufactured,"Salted Wound, Ship Sight"
Ship Sentinel (Mariner's Muse),Large,07,07,09th,"11,750.00","1,678.57","1,678.57",1,http://www.d20pfsrd.com/bestiary/monster-listings/constructs/sentinel-ship/,05/Slashing or Piercing,1 Manufactured 2 Slams 1 Thrown Manufactured,"Inspire Courage, Salted Wound, Ship Sight"
Ship Sentinel (Sea Sorcerer),Large,07,07,09th,"12,750.00","1,821.42","1,821.42",1,http://www.d20pfsrd.com/bestiary/monster-listings/constructs/sentinel-ship/,05/Slashing or Piercing,1 Manufactured 2 Slams 1 Thrown Manufactured,"Salted Wound, Ship Sight, Spell-like Abilities"
Shell Sentinel,Medium,05,07,09th,"6,000.00","1,200.00",857.14,1.4,http://www.archivesofnethys.com/MonsterDisplay.aspx?ItemName=Shell%20Sentinel,05/Bludgeoning,4 Talons,"Discorporate, Fragile Grame, Poison, Poison Cloud, Sense the Masters, Sharpened Edges"
Cutlass Spider (Bestiary 6),Large,06,08,0,"9,400.00","1,566.66","1,175.00",1.33,https://www.d20pfsrd.com/bestiary/monster-listings/constructs/cutlass-spider-2/,05/Adamantine,3 Various Melee,"All-Around Vision, Collapse, Shared Enhancement, Weapon Thief"
"Cutlass Spider, Berserk",Large,06,08,07th,"8,000.00","1,333.33","1,000.00",1.33,https://www.aonprd.com/MonsterDisplay.aspx?ItemName=Cutlass%20Spider,05/Adamantine,3 Various Melee,"All-Around Vision, Berserk, Collapse, Shared Enhancement, Weapon Thief"
Embalming Bear,Large,07,08,08th,"10,300.00","1,471.42","1,287.50",1.14,https://www.aonprd.com/MonsterDisplay.aspx?ItemName=Embalming%20Bear,05 Hardness,2 Claws,Poison
Cutlass Spider,Large,06,08,08th,"9,000.00","1,500.00","1,125.00",1.33,https://www.aonprd.com/MonsterDisplay.aspx?ItemName=Cutlass%20Spider,05/Adamantine,3 Various Melee,"All-Around Vision, Collapse, Shared Enhancement, Weapon Thief"
Terra-cotta Soldier,Medium,06,08,09th,"10,000.00","1,666.66","1,250.00",1.33,http://www.d20pfsrd.com/bestiary/monster-listings/constructs/terra-cotta-soldier/,05/Bludgeoning,2 Manufactured 2 Slams,"Keen Weapons, Rank Fighting, Variants, 1 INT"
"Clockwork Steed, Charger",Large,07,08,12th,"18,750.00","2,678.57","2,343.75",1.14,https://www.d20pfsrd.com/bestiary/monster-listings/constructs/clockwork/clockwork-steed/,0,3 Various Melee 1 Manufactured,"Powerful Kick, Lance"
"Golem, Wood",Medium,06,08,12th,"8,800.00","1,466.66","1,100.00",1.33,http://www.d20pfsrd.com/bestiary/monster-listings/constructs/golem/golem-wood/,05/Adamantine,2 Slams,"Immunity to Magic, Splintering"
"Golem, Blood",Medium,06,08,12th,"11,500.00","1,916.66","1,437.50",1.33,http://www.d20pfsrd.com/bestiary/monster-listings/constructs/golem/golem-blood/,05/Bludgeoning,2 Slams,"Blood Drain, Clotted Skin, Immunity to Magic, Vulnerable to Bleed"
Clockwork Steed,Large,06,08,12th,"16,000.00","2,666.66","2,000.00",1.33,https://www.d20pfsrd.com/bestiary/monster-listings/constructs/clockwork/clockwork-steed/,0,3 Various Melee,Powerful Kick
Clockwork Soldier,Medium,06,08,12th,"19,000.00","3,166.66","2,375.00",1.33,https://www.d20pfsrd.com/bestiary/monster-listings/constructs/clockwork/clockwork-soldier/,05/Adamantine,1 Manufactured,"Efficient Winding, Latch, Proficient, Standby"
Golden Guardian,Medium,06,08,12th,"24,300.00","4,050.00","3,037.50",1.33,https://www.aonprd.com/MonsterDisplay.aspx?ItemName=Golden%20Guardian,05/Adamantine,2 Slams,"Conductivity, Heat, Molten Destruction, Heat Shimmer"
"Golem, Flesh",Large,07,09,08th,"10,500.00","1,500.00","1,166.66",1.28,http://www.d20pfsrd.com/bestiary/monster-listings/constructs/golem/golem-flesh/,05/Adamantine,2 Slams,"Berserk, Immunity to Magic"
Tupilaq,Small,07,09,08th,"10,500.00","1,500.00","1,166.66",1.28,http://www.d20pfsrd.com/bestiary/monster-listings/constructs/tupilaq/,10/Bludgeoning,3 Various Melee,"Scrimshaw Magic, Seek Target, Shearing Jaws"
Ebon Acolytus,Large,07,09,11th,"12,000.00","1,714.28","1,333.33",1.28,https://www.aonprd.com/MonsterDisplay.aspx?ItemName=Ebon%20Acolytus,0,1 Manufactured 2 Slams,"Prostration, Sacrifice, 10 INT"
Tribal Totem,Medium,06,09,11th,"10,000.00","1,666.66","1,111.11",1.5,http://www.archivesofnethys.com/MonsterDisplay.aspx?ItemName=Tribal%20Totem,05/Slashing,2 Slams,"Ceremonial Activation, Effigy, Mouthpiece, Spirit Link"
Clockwork Gunslinger,Medium,07,09,12th,"21,750.00","3,107.14","2,416.66",1.28,https://www.d20pfsrd.com/bestiary/monster-listings/constructs/clockwork/clockwork-gunslinger/,0,1 Slam 1 Ranged Manufactured ,"Captive, Integrated Clockwork Pistol"
"Tribal Totem, Greater",Large,,09,13th,"12,000.00",,"1,333.33",,http://www.archivesofnethys.com/MonsterDisplay.aspx?ItemName=Tribal%20Totem,05/Slashing,2 Slams,"All-Around Vision, Extended Effigy, Mouthpiece, Spirit LInk"
"Animated Object, Gargantuan",Gargantuan,09,10,0,"20,000.00","2,222.22","2,000.00",1.11,https://www.d20pfsrd.com/bestiary/monster-listings/constructs/animated-object/animated-object-gargantuan,0-15 Hardness,1+ Slam,Construction Points
Sentinel Hut,Huge,08,10,0,"18,000.00","2,250.00","1,800.00",1.25,http://www.d20pfsrd.com/bestiary/monster-listings/constructs/sentinel-hut/,05/Adamantine,2 Various Melee,"Dancing Evation, Immune to Magic, Stir Crazy"
Soulbound Mannequuin,Medium,07,10,0,"8,500.00","1,214.28",850.00,1.42,http://www.d20pfsrd.com/bestiary/monster-listings/constructs/soulbound-mannequin/,05/Magic,2 Claws,"Alignment Variation, Disguise Self, Susceptible to Ming Affecting Effects, Soul Focus, 11 INT"
"Golem, Marrowstone",Large,08,10,11th,"22,500.00","2,812.50","2,250.00",1.25,http://www.d20pfsrd.com/bestiary/monster-listings/constructs/golem/golem-marrowstone/,10/Adamantine,2 Slams,"Create Spawn, Immunity to Magic, Necrotic Field"
Clockwork Guardian,Medium,08,10,12th,"26,000.00","3,250.00","2,600.00",1.25,https://www.d20pfsrd.com/bestiary/monster-listings/constructs/clockwork/clockwork-guardian/,05/Adamantine,1 Manufactured 2 slams,"Barrier, Shield Expert"
Clockwork Overseer,Medium,07,10,12th,"22,000.00","3,142.85","2,200.00",1.42,https://www.d20pfsrd.com/bestiary/monster-listings/constructs/clockwork/clockwork-overseer/,05/Adamantine,2 Various Melee,"Aura of Command, Lash, Overclock, Tactical Calculus "
Living Effigy,Huge,08,10,15th,"35,000.00","4,375.00","3,500.00",1.25,http://www.archivesofnethys.com/MonsterDisplay.aspx?ItemName=Living%20Effigy,10/Adamantine,1 Slam,"Charming Gaze, Preserved Mind, Shape Self, Silent Watcher, Statue, Susceptible to Mind-Affecting Effects, 13 INT"
Gargoyle Guardian,Large,08,11,0,"15,000.00","1,875.00","1,363.63",1.37,https://www.aonprd.com/MonsterDisplay.aspx?ItemName=Gargoyle%20Guardian,05/Adamantine,3 Various Melee,"Freeze, Snatch"
Urannag,Huge,08,11,0,"17,500.00","2,187.50","1,590.90",1.37,http://www.d20pfsrd.com/bestiary/monster-listings/constructs/urannag/,05/Adamantine and Good,3 Claws,"Encage, Exposed Mechanisms, Living Trap"
"Gargoyle Guardian, Sentry",Large,08,11,0,"25,000.00","3,125.00","2,272.72",1.37,https://www.aonprd.com/MonsterDisplay.aspx?ItemName=Gargoyle%20Guardian,05/Adamantine,3 Various Melee,"Freeze, Snatch, Sentry"
"Golem, Bone",Large,08,11,09th,"21,000.00","2,625.00","1,909.09",1.37,http://www.d20pfsrd.com/bestiary/monster-listings/constructs/golem/golem-bone/,05/Adamantine and Bludgeoning,3 Various Melee,"Bone Prison, Immunity to Magic"
"Golem, Alchemical",Large,09,12,10th,"18,000.00","2,000.00","1,500.00",1.33,http://www.d20pfsrd.com/bestiary/monster-listings/constructs/golem/golem-alchemical/,10/Adamantine or Bludgeoning,2 Slams 1 Ranged,"Alchemy, Bombs, Immunity to Magic, Splash"
"Golem, Glass",Large,08,12,10th,"17,000.00","2,125.00","1,416.66",1.5,http://www.d20pfsrd.com/bestiary/monster-listings/constructs/golem/golem-glass/,05/Adamantine,2 Slams,"Dazzling Brightness, Immune to Magic, Reflect Spells"
"Golem, Coral",Large,09,12,11th,"30,500.00","3,388.88","2,541.66",1.33,http://www.d20pfsrd.com/bestiary/monster-listings/constructs/golem/golem-coral/,10/Adamantine,2 Claws,"Aquatic Reconstruction, Immunity to Magic"
Cephalophore,Large,08,12,11th,"18,500.00","2,312.50","1,541.66",1.5,https://www.d20pfsrd.com/bestiary/monster-listings/constructs/cephalophore/,0,2 Slams,"Dazing Gaze, Dazing Strike, Shatter Weapons, Statue"
"Golem, Sand (Gravel)",Large,11,12,12th,"33,500.00","3,045.45","2,791.66",1.09,https://www.d20pfsrd.com/bestiary/monster-listings/constructs/golem/golem-sand/,10/Bludgeoning,2 Slams,"Advanced, Clutching Sands, Immunity to Magic, Sand Blast"
"Golem, Sand",Large,09,12,12th,"28,500.00",3.166.66,"2,375.00",1.33,https://www.d20pfsrd.com/bestiary/monster-listings/constructs/golem/golem-sand/,10/Bludgeoning,2 Slams,"Clutching Sands, Immunity to Magic, Sand Blast"
"Golem, Sand (Quicksand)",Large,09,12,12th,"31,000.00",3.444.44,"2,583.33",1.33,https://www.d20pfsrd.com/bestiary/monster-listings/constructs/golem/golem-sand/,10/Bludgeoning,2 Slams,"Clutching Sands, Immunity to Magic, Quicksand"
"Animated Object, Colossal",Colossal,11,13,0,"30,000.00","2,727.27","2,307.69",1.18,https://www.d20pfsrd.com/bestiary/monster-listings/constructs/animated-object/animated-object-colossal,0-20 Hardness,1+ Slam,Construction Points
Clockwork Vivisectionist,Medium,10,13,10th,"44,250.00","4,425.00","3,403.84",1.3,https://www.aonprd.com/MonsterDisplay.aspx?ItemName=Clockwork%20Vivisectionist,10/Bludgeoning,2 Claws,"Anesthetizing Injection, Efficient Winding, Standby"
Clockwork Excavator,Huge,10,13,10th,"80,000.00","8,000.00","6,153.84",1.3,https://www.d20pfsrd.com/bestiary/monster-listings/constructs/clockwork/clockwork-excavator/,10/Adamantine,3 Various Melee,"Explosive Charge, Metal Sense, Pulverizing Ray, Superior Craftmanship"
"Golem, Clay",Large,10,13,11th,"21,500.00","2,150.00","1,653.84",1.3,http://www.d20pfsrd.com/bestiary/monster-listings/constructs/golem/golem-clay/,10/Adamantine and Bludgeoning,2 Slams,"Berserk, Cursed Wound, Haste, Immunity to Magic"
Tiberolith,Huge,10,13,11th,"24,000.00","2,400.00","1,846.15",1.33,http://www.d20pfsrd.com/bestiary/monster-listings/constructs/tiberolith/,10/Adamantine and Bludgeoning,2 Slams,"Corrosive Strikes, Shockwave, Spell Trap"
Clockwork Snail,Large,10,13,12th,"50,000.00","5,000.00","3,846.15",1.3,https://www.aonprd.com/MonsterDisplay.aspx?ItemName=Clockwork%20Snail,05/Adamantine,1 Manufactured,"Eidite Trail, Improved Charge, Tracks"
"Golem, Magnetitie",Large,10,13,13th,"47,500.00","4,750.00","3,653.84",1.3,http://www.archivesofnethys.com/MonsterDisplay.aspx?ItemName=Magnetitie%20Golem,10/Adamantine,2 Slams,"Immunity to Magic, Inescapable Grip, Magnetic Disarm, Magnetic Field"
Argent Warden,Medium,08,14,11th,"13,650.00","1,705.00",974.28,1.75,https://www.d20pfsrd.com/bestiary/monster-listings/constructs/argent-warden/,05/Adamantine and Bludgeoning,1 Manufactured,"Argent Armor, Divine Grace, Hellspurning Aura, 13 INT"
Wickerman,Colossal,13,14,12th,"60,000.00","4,615.38","4,285.71",1.07,http://www.d20pfsrd.com/bestiary/monster-listings/constructs/wickerman/,05 Hardness,2 Slams 1 Ranged,"Burning Brand, Constant Blaze, Fire Healing, Wicker Cage"
Tophet,Large,10,14,12th,"22,500.00","2,250.00","1,607.14",1.4,http://www.d20pfsrd.com/bestiary/monster-listings/constructs/tophet/,05/Adamantine,3 Various Melee,"Conductive, Swallow Whole"
Animate Aria,Large,09,14,12th,"20,000.00","2,222.22","1,428.57",1.55,https://www.d20pfsrd.com/bestiary/monster-listings/constructs/animate-aria/,0,2 Slams,"Aura of Courageous Inspiration, Dissonance, Natural Invisibiity"
Cryptguard,Medium,09,14,12th,"25,000.00","2,777.77","1,785.71",1.55,https://www.d20pfsrd.com/bestiary/monster-listings/constructs/cryptguard/,10/Adamantine,2 Slams,"Consecration Aura, Sanctification, Spirit Touch"
"Golem, Lead",Large,10,14,13th,"32,500.00","3,250.00","2,321.42",1.4,http://www.d20pfsrd.com/bestiary/monster-listings/constructs/golem/golem-lead/,10/Adamantine,2 Slams,"Divination Screen, Immunity to Magic, Intractable Density, Retributive Miasma"
Aluum,Large,10,14,13th,"40,000.00","4,000.00","2,857.14",1.4,https://www.d20pfsrd.com/bestiary/monster-listings/constructs/aluum/,10/Adamantine,2 Slams,"Immunity to Magic, Paralysis, Soul Shriek"
"Golem, Stone",Large,11,14,14th,"55,000.00","5,000.00","3,928.57",1.27,http://www.d20pfsrd.com/bestiary/monster-listings/constructs/golem/golem-stone/,10/Adamantine,2 Slams,"Immunity to Magic, Slow"
Taotieh,Large,11,14,14th,"55,000.00","5,000.00","3,928.57",1.27,http://www.d20pfsrd.com/bestiary/monster-listings/constructs/taotieh/,10/Adamantine,3 Various Melee,Swallow Whole
Iron Rhinoceros,Huge,11,14,15th,"61,250.00","5,568.18","4,375.00",1.27,http://www.archivesofnethys.com/MonsterDisplay.aspx?ItemName=Iron%20Rhinoceros,10/Adamantine,3 Various Melee,"Grasping Chains, Powerful Drag, Scooping Charge, Swallow Whole"
Soulbound Shell,Medium,12,15,0,"60,000.00","5,000.00","4,000.00",1.25,http://www.d20pfsrd.com/bestiary/monster-listings/constructs/soulbound-shell/,10/Adamantine and Magic,1 Manufactured,"Cemented Mind, Soul Focus, Spells, Susceptible to Mind-Affecting Effects, 20 INT"
Skull Ripper,Large,09,15,0,"15,500.00","1,722.22","1,033.33",1.66,http://www.archivesofnethys.com/MonsterDisplay.aspx?ItemName=Skull%20Ripper,05/Adamantine,3 Various Melee,"Behead, Dread Visage, Poison"
Hollow One,Medium,10,15,09th,"21,000.00","2,100.00","1,400.00",1.5,http://www.archivesofnethys.com/MonsterDisplay.aspx?ItemName=Hollow%20One,10/Magic,2 Slams,"Dread, Rage, 16 INT"
Juggernaut,Gargantuan,11,15,10th,"80,000.00","7,272.72","5,333.33",1.36,http://www.d20pfsrd.com/bestiary/monster-listings/constructs/juggernaut/,10/Adamantine,1 Slam,"Faith-Bound, Shrine, Soul-Powered, Vicious Trample"
Clockwork Mage,Medium,09,15,12th,"43,000.00","4,777.77","2,866.66",1.66,https://www.d20pfsrd.com/bestiary/monster-listings/constructs/clockwork/clockwork-mage/,05/Adamantine,4 Slams,Wand Magic
"Golem, Robot",Large,11,15,13th,"36,000.00","3,272.72","2,400.00",1.36,http://www.d20pfsrd.com/bestiary/monster-listings/constructs/golem/golem-robot/,10/Adamantine,2 Slams,"Immunity to Magic, Rend Construct, Shockwave"
Hanshepsu,Medium,10,15,13th,"24,000.00","2,400.00","1,600.00",1.5,http://www.archivesofnethys.com/MonsterDisplay.aspx?ItemName=Hanshepsu,10/—,1 Manufactured,"Immunity to Magic, Morphic Head, Soldier's Training, Warrior's Mace, 11 INT"
"Golem, Fossil",Huge,12,15,15th,"65,000.00","5,416.66","4,333.33",1.25,http://www.d20pfsrd.com/bestiary/monster-listings/constructs/golem/golem-fossil/,10/Adamantine and Bludgeoning,2 Bites,"Immunity to Magic, Petrification"
"Golem, Crystal",Large,11,15,15th,"67,000.00","6,090.90","4,466.66",1.36,http://www.d20pfsrd.com/bestiary/monster-listings/constructs/golem/golem-crystal/,10/Adamantine,2 Slams,"Immunity to Magic, Psychic Amplification"
Animated Tank,Huge,12,16,0,"100,000.00","8,333.33","6,250.00",1.33,http://archivesofnethys.com/MonsterDisplay.aspx?ItemName=Animated%20Tank,10/Adamantine,4 Various Ranged,"Inexhaustivle Ammo, Integrated Weaponry, Telekinesis, Vicious Trample, 13 INT"
"Golem, Panthereon (True Hunter)",Large,12,16,11th,"55,000.00","4,583.33","3,437.50",1.33,http://www.archivesofnethys.com/MonsterDisplay.aspx?ItemName=Panthereon,10/Adamantine and Bludgeoning,3 Various Melee,"Cursed Wound, Eye Beam, Haste, Immunity to Magic, True Hunter"
"Golem, Panthereon (Spell Bearer)",Large,12,16,11th,"58,500.00","4,875.00","3,656.25",1.33,http://www.archivesofnethys.com/MonsterDisplay.aspx?ItemName=Panthereon,10/Adamantine and Bludgeoning,3 Various Melee,"Cursed Wound, Eye Beam, Haste, Immunity to Magic, Spell Bearer"
"Golem, Panthereon",Large,11,16,11th,"28,500.00","2,590.90","1,781.25",1.45,http://www.archivesofnethys.com/MonsterDisplay.aspx?ItemName=Panthereon,10/Adamantine and Bludgeoning,3 Various Melee,"Cursed Wound, Eye Beam, Haste, Immunity to Magic"
"Golem, Panthereon (Esteemed)",Large,11,16,11th,"41,500.00","3,772.72","2,593.75",1.45,http://www.archivesofnethys.com/MonsterDisplay.aspx?ItemName=Panthereon,10/Adamantine and Bludgeoning,3 Various Melee,"Cursed Wound, Esteemed, Eye Beam, Haste, Immunity to Magic"
"Golem, Panthereon (Slaver)",Large,11,16,11th,"42,000.00","3,818.18","2,625.00",1.45,http://www.archivesofnethys.com/MonsterDisplay.aspx?ItemName=Panthereon,10/Adamantine and Bludgeoning,3 Various Melee,"Cursed Wound, Eye Beam, Haste, Immunity to Magic, Slaver"
Clockwork Leviathan,Huge,12,16,12th,"70,000.00","5,833.33","4,375.00",1.33,https://www.d20pfsrd.com/bestiary/monster-listings/constructs/clockwork/clockwork-leviathan/,10/Adamantine,3 Various Melee,"Breath Weapon, Grind, Swallow Whole"
"Golem, Clockwork",Large,12,16,15th,"65,000.00","5,416.66","4,062.50",1.33,http://www.d20pfsrd.com/bestiary/monster-listings/constructs/golem/golem-clockwork/,10/Adamantine,2 Slams,"Death Burst, Grind, Immunity to Magic, Wall of Gears"
"Golem, Obsidian",Large,12,17,15th,"69,250.00","5,770.83","4,073.52",1.41,http://www.d20pfsrd.com/bestiary/monster-listings/constructs/golem/golem-obsidian/,10/Adamantine,2 Claws,"Death Throes, Immunity to Magic, Jagged Body, Obsidian Spray"
Abrarkarn Viper,Huge,13,18,0,"80,000.00","6,153.84","4,444.44",1.38,https://www.aonprd.com/MonsterDisplay.aspx?ItemName=Abrakarn%20Viper,10/—,3 Bites,"Confusing Critical, Demon-Souled, Find Master, Guard, Poison, Shield Other"
Clockwork Priest,Medium,11,18,12th,"52,500.00","4,772.72","2,916.66",1.63,https://www.d20pfsrd.com/bestiary/monster-listings/constructs/clockwork/clockwork-priest/,0,4 Slams,Domain Magic
"Golem, Iron",Large,13,18,16th,"80,000.00","6,153.84","4,444.44",1.38,http://www.d20pfsrd.com/bestiary/monster-listings/constructs/golem/golem-iron/,15/Adamantine,2 Slams,"Breath Weapon, Immunity to Magic, Powerful Blows"
Clockwork Assassin,Medium,13,18,16th,"81,000.00","6,230.76","4,500.00",1.38,https://www.d20pfsrd.com/bestiary/monster-listings/constructs/clockwork/clockwork-assassin/,10/Adamantine,1 Manufactured 4 Ranged,"Integrated Rapier, Projectile Launcher, Rapid Repair, Standby"
Prismatic Orrery,Gargantuan,13,18,17th,"110,000.00","8,461.53","6,111.11",1.38,http://www.archivesofnethys.com/MonsterDisplay.aspx?ItemName=Prismatic%20Orrery,10 Hardness,1 Slam,"Blinding Pulse, Dispel Resistance, Prismatic Refraction"
Gravitic Globe,Large,10,20,13th,"45,000.00","4,500.00","2,250.00",2,http://www.archivesofnethys.com/MonsterDisplay.aspx?ItemName=Gravitic%20Globe,20 Hardness,1 Slam,Magnetism
"Swarm, Scythe Glass",Diminutive,09,20,13th,"31,250.00","3,472.22","1,562.50",2.2,http://www.archivesofnethys.com/MonsterDisplay.aspx?ItemName=Scythe%20Glass%20Swarm,0 Swarm,Swarm,"Freeze, Resonant Flight, Serrated Wings, Swarm, Variants"
Kikituk,Huge,13,20,14th,"75,000.00","5,769.23","3,750.00",1.53,http://www.d20pfsrd.com/bestiary/monster-listings/constructs/kikituk/,0,3 Various Melee,"Scrimshaw Magic, Shearing Jaws, 12 INT"
Clockwork Angel,Medium,15,20,16th,"107,500.00","7,166.66","5,375.00",1.33,https://www.d20pfsrd.com/bestiary/monster-listings/constructs/clockwork/clockwork-angel/,10/Adamantine,1 Manufactured,"Enhance Weapon, Infused Heart, Programmed Sentinel"
"Golem, Inubrix",Large,14,20,16th,"195,000.00","13,928.57","9,750.00",1.42,https://www.d20pfsrd.com/bestiary/monster-listings/constructs/golem/golem-inubrix/,10/Bludgeoning and Magic,4 Claws,"Breath Weapon, Immunity to Iron, Immunity to Magic, Razor Fingers"
"Golem, Inubrix (Abysibrix)",Large,14,20,16th,"195,000.00","13,928.57","9,750.00",1.42,https://www.d20pfsrd.com/bestiary/monster-listings/constructs/golem/golem-inubrix/,10/Adamantine,4 Claws,"Abyssium Residue, Breath Weapon, Immunity to Magic, Razor Fingers, Rend"
"Golem, Inubrix (Ghost Metal)",Large,14,20,16th,"195,000.00","13,928.57","9,750.00",1.42,https://www.d20pfsrd.com/bestiary/monster-listings/constructs/golem/golem-inubrix/,10/Bludgeoning and Magic,4 Claws,"Ethereal Jaunt, Immunity to Iron, Immunity to Magic, Negative Energy, Razor Fingers"
"Golem, Cannon",Large,15,20,17th,"105,000.00","7,000.00","5,250.00",1.33,http://www.d20pfsrd.com/bestiary/monster-listings/constructs/golem/golem-cannon/,15/Adamantine,2 Slams 1 Ranged Manufactured,"Alloyed, Blasting Critical, Cannon, Gun Training, Immunity to Magic"
"Golem, Brass",Huge,14,20,17th,"100,000.00","7,142.85","5,000.00",1.42,http://www.d20pfsrd.com/bestiary/monster-listings/constructs/golem/golem-brass/,15/Adamantine,1 Manufactured 1 Slam,"Brass Falchion, Breath Weapon, Death Throes, Immunity to Magic"
"Golem, Dragonhide",Huge,16,21,16th,"109,000.00","6,812.50","5,190.47",1.31,https://www.d20pfsrd.com/bestiary/monster-listings/constructs/golem/golem-dragonhide/,15/Adamantine and Magic,4 Various Melee,"Berserk, Breath Weapon, Draconic Grafts, Immunity to Magic, Rampage"
Set Guardian (Elevated),Large,15,22,0,"110,000.00","7,333.33","5,000.00",1.46,http://www.archivesofnethys.com/MonsterDisplay.aspx?ItemName=Set%20Guardian,15/Adamantine,2 Slams,"Elemental Conduit x2, Mighty Blows, Trumpet of Doom, Unholy Weaknesses"
Set Guardian,Large,13,22,0,"90,000.00","6,923.07","4,090.90",1.69,http://www.archivesofnethys.com/MonsterDisplay.aspx?ItemName=Set%20Guardian,15/Adamantine,2 Slams,"Elemental Conduit, Mighty Blows, Trumpet of Doom, Unholy Weaknesses"
Clockwork Nautiloid,Huge,14,22,12th,"109,000.00","7,785.71","4,954.54",1.57,https://www.d20pfsrd.com/bestiary/monster-listings/constructs/clockwork/clockwork-nautiloid/,10/Adamantine and Bludgeoning,5 Various Melee,"Deep Dweller, Enhanced Senses, Reflective Shell, Tenacious Grappler"
"Golem, Shadow",Large,14,22,18th,"100,000.00","7,142.85","4,545.45",1.57,http://www.archivesofnethys.com/MonsterDisplay.aspx?ItemName=Shadow%20Golem,15/Adamantine and Slashing,2 Claws,"Breath Weapon, Immunity to Magic, Shadow Aura"
"Golem, Ioun",Large,17,23,18th,"145,000.00","8,529.41","6,304.35",1.35,https://www.d20pfsrd.com/bestiary/monster-listings/constructs/golem/golem-ioun/,15/Adamantine,4 Slams,"Gem Receptacle, Immunity to Magic"
Clockwork Fiend,Medium,17,23,18th,"150,000.00","8,823.52","6,521.73",1.35,https://www.d20pfsrd.com/bestiary/monster-listings/constructs/clockwork/clockwork-fiend/,15/Adamantine,5 Various Melee,"Explosive Rend, Overdrive, Savage Bite"
"Golem, Behemoth",Colossal,17,23,18th,"165,000.00","9,705.88","7,173.91",1.35,http://www.d20pfsrd.com/bestiary/monster-listings/constructs/golem/golem-behemoth/,15/Adamantine,3 Various Melee,"Castle, Immunity to Magic, Quake"
"Golem, Gold",Large,15,23,18th,"122,500.00","8,166.66","5,326.08",1.53,http://www.d20pfsrd.com/bestiary/monster-listings/constructs/golem/golem-gold/,15/Adamantine,2 Slams,"Death Throes, Immunity to Magic, Prismatic Surge"
"Golem, Mithral",Huge,16,24,18th,"150,000.00","9,375.00","6,250.00",1.5,http://www.d20pfsrd.com/bestiary/monster-listings/constructs/golem/golem-mithral/,15/Adamantine,2 Slams,"Fluid Form, Immunity to Magic, Quickness"
"Golem, Noqual",Huge,18,25,18th,"153,000.00","8,500.00","6,120.00",1.38,http://www.d20pfsrd.com/bestiary/monster-listings/constructs/golem/golem-noqual/,15/Adamantine,2 Slams,"Construct Bane, Immunity to Magic, Impeded Magic, Powerful Blows, Spell Absorption, Spell Sunder"
Clockwork Dragon,Huge,16,25,18th,"162,500.00","10,156.25","6,500.00",1.56,https://www.d20pfsrd.com/bestiary/monster-listings/constructs/clockwork/clockwork-dragon/,15/Adamantine,6 Various Melee,"Adamantine Weapons, Efficient Winding, Self-Destruction"
Clockwork Goliath,Gargantuan,19,28,18th,"160,000.00","8,421.05","5,714.28",1.47,https://www.d20pfsrd.com/bestiary/monster-listings/constructs/clockwork/clockwork-goliath/,15/Adamantine,4 Slams 1 Ranged Manufactured,"Cannon, Self-Destruction"
"Golem, Viridium",Huge,18,28,18th,"142,000.00","7,888.88","5,071.42",1.55,http://www.d20pfsrd.com/bestiary/monster-listings/constructs/golem/golem-viridium/,20/Adamantine,4 Various Melee,"Disease, Immunity to Magic, Shield, Sword"
Warmonger,Huge,19,28,20th,"225,000.00","11,842.10","8,035.71",1.47,http://www.d20pfsrd.com/bestiary/monster-listings/constructs/warmonger/,15/Adamantine and Bludgeoning,5 Various Melee 5 Ranged,"Automatic Crossbow, Fortified Construction, Warmonger Weaponry"
"Golem, Adamantine",Huge,19,30,20th,"350,000.00","18,421.05","11,666.66",1.57,http://www.d20pfsrd.com/bestiary/monster-listings/constructs/golem/golem-adamantine/,15/Epic,2 Slams,"Destructive Strike, Indestructible, Immunity to Magic"
Akaruzug,Large,15,32,15th,"95,000.00","6,333.33","2,968.75",2.13,https://www.d20pfsrd.com/bestiary/monster-listings/constructs/akaruzug/,15/Good,5 Various Melee,"Soul Engine, Soul Slave, Soul Steal, Unhallow"
"Golem, Quintessence",Huge,20,32,20th,"450,000.00","22,500.00","14,062.50",1.6,http://www.d20pfsrd.com/bestiary/monster-listings/constructs/golem/golem-quintessence/,15/Epic,2 Slams,"Immunity to Magic, Powerful Blows, Soul Infused, Soul Siphon"